	family	mt	order	xt
0	Mymaridae	0.2	Hymenoptera	2
1	Ptiliidae	0.3	Coleoptera	2
2	Neelidae	0.3	Collembola	0.7
3	Mymarommatidae	0.3	Hymenoptera	0.8
4	Aphelinidae	0.35	Hymenoptera	2.5
5	Sminthuridae	0.4	Collembola	2.7
6	Sphaeriusidae	0.5	Coleoptera	1.2
7	Ciidae	0.5	Coleoptera	7
8	Histeridae	0.5	Coleoptera	20
9	Scydmaenidae	0.5	Coleoptera	7
10	Staphylinidae	0.5	Coleoptera	50
11	Onychiuridae	0.5	Collembola	3
12	Chyromyidae	0.5	Diptera	4.5
13	Phoridae	0.5	Diptera	6
14	Ceraphronidae	0.5	Hymenoptera	5
15	Encyrtidae	0.5	Hymenoptera	5
16	Platygastridae	0.5	Hymenoptera	5
17	Scelionidae	0.5	Hymenoptera	15
18	Tetracampidae	0.5	Hymenoptera	2
19	Trichogrammatidae	0.5	Hymenoptera	1
20	Anoplura	0.5	Phthiraptera	5
21	Corethrellidae	0.6	Diptera	2.5
22	Ephydridae	0.6	Diptera	11
23	Scatopsidae	0.6	Diptera	4.1
24	Coccoidea	0.6	Hemiptera	35
25		0.6	Protura	2.5
26	Heterothripidae	0.6	Thysanoptera	1.5
27	Clambidae	0.7	Coleoptera	2
28	Corylophidae	0.7	Coleoptera	2.3
29	Isotomidae	0.7	Collembola	6
30	Sphaeroceridae	0.7	Diptera	6
31	Streblidae	0.7	Diptera	5.5
32	Rotoitidae	0.7	Hymenoptera	0.9
33	Eucinetidae	0.8	Coleoptera	4
34	Limnichidae	0.8	Coleoptera	3
35	Mycetophagidae	0.8	Coleoptera	6.5
36	Hypogastruridae	0.8	Collembola	3
37	Dolichopodidae	0.8	Diptera	9
38	Mythicomyiidae	0.8	Diptera	3
39	Dipsocoridae	0.8	Hemiptera	3
40	Schizopteridae	0.8	Hemiptera	2
41	Gyropidae	0.8	Phthiraptera	1
42	Heptapsogasteridae	0.81	Phthiraptera	4.44
43	Nitidulidae	0.9	Coleoptera	14
44	Agromyzidae	0.9	Diptera	6.5
45	Trichodectidae	0.92	Phthiraptera	2.73
46	Carabidae	1	Coleoptera	85
47	Dytiscidae	1	Coleoptera	48
48	Noteridae	1	Coleoptera	5.8
49	Hydroscaphidae	1	Coleoptera	2
50	Torridincolidae	1	Coleoptera	2.7
51	Aderidae	1	Coleoptera	4
52	Anobiidae	1	Coleoptera	9
53	Anthribidae	1	Coleoptera	20
54	Attelabidae	1	Coleoptera	18
55	Bostrichidae	1	Coleoptera	50
56	Cerylonidae	1	Coleoptera	4
57	Chrysomelidae	1	Coleoptera	40
58	Coccinellidae	1	Coleoptera	10
59	Cryptophagidae	1	Coleoptera	4
60	Curculionidae	1	Coleoptera	55
61	Dermestidae	1	Coleoptera	12
62	Elmidae	1	Coleoptera	8
63	Endomychidae	1	Coleoptera	18
64	Epimetopidae	1	Coleoptera	4
65	Georissidae	1	Coleoptera	3
66	Heteroceridae	1	Coleoptera	8
67	Hydrophilidae	1	Coleoptera	40
68	Laemophloeidae	1	Coleoptera	5
69	Latridiidae	1	Coleoptera	3
70	Leiodidae	1	Coleoptera	7
71	Melyridae	1	Coleoptera	20
72	Ptinidae	1	Coleoptera	5
73	Scarabaeidae	1	Coleoptera	160
74	Tenebrionidae	1	Coleoptera	50
75	Trogossitidae	1	Coleoptera	50
76	Entomobryidae	1	Collembola	10
77	Asteiidae	1	Diptera	5
78	Braulidae	1	Diptera	1.7
79	Carnidae	1	Diptera	3
80	Cecidomyiidae	1	Diptera	8
81	Ceratopogonidae	1	Diptera	6
82	Chironomidae	1	Diptera	13
83	Chloropidae	1	Diptera	7
84	Drosophilidae	1	Diptera	7
85	Hybotidae	1	Diptera	9
86	Milichiidae	1	Diptera	7
87	Perissommatidae	1	Diptera	2
88	Psychodidae	1	Diptera	5
89	Scenopinidae	1	Diptera	8.5
90	Sciaridae	1	Diptera	11
91	Simuliidae	1	Diptera	5.5
92	Aleyrodoidea	1	Hemiptera	4
93	Aphidoidea	1	Hemiptera	8
94	Caliscelidae	1	Hemiptera	5
95	Psylloidea	1	Hemiptera	8
96	Veliidae	1	Hemiptera	10
97	Agaonidae	1	Hymenoptera	3
98	Aulacidae	1	Hymenoptera	20
99	Bethylidae	1	Hymenoptera	20
100	Cynipidae	1	Hymenoptera	8
101	Eulophidae	1	Hymenoptera	5
102	Eupelmidae	1	Hymenoptera	8
103	Formicidae	1	Hymenoptera	33
104	Maamingidae	1	Hymenoptera	2
105	Megaspilidae	1	Hymenoptera	5
106	Pteromalidae	1	Hymenoptera	4
107	Torymidae	1	Hymenoptera	15
108	Blastobasidae	1	Lepidoptera	11
109	Epipyropidae	1	Lepidoptera	13
110	Gelechiidae	1	Lepidoptera	12
111	Heliozelidae	1	Lepidoptera	3
112	Micropterigidae	1	Lepidoptera	3
113	Nepticulidae	1	Lepidoptera	2
114	Opostegidae	1	Lepidoptera	6
115	Liposcelididae	1	Psocoptera	1.5
116		1	Siphonaptera	10
117		1	Strepsiptera	7.5
118	Thripidae	1	Thysanoptera	3
119	Discolomatidae	1.1	Coleoptera	8
120	Anthomyzidae	1.1	Diptera	3.4
121	Menoponidae	1.1	Phthiraptera	6
122	Psoquillidae	1.1	Psocoptera	2
123	Philopteridae	1.12	Phthiraptera	9.72
124	Alexiidae	1.2	Coleoptera	1.7
125	Hydraenidae	1.2	Coleoptera	3
126	Languriidae	1.2	Coleoptera	25
127	Melandryidae	1.2	Coleoptera	19
128	Phalacridae	1.2	Coleoptera	4.5
129	Propalticidae	1.2	Coleoptera	1.8
130	Throscidae	1.2	Coleoptera	6
131	Xenasteiidae	1.2	Diptera	2
132	Lygaeidae	1.2	Hemiptera	12
133	Mesoveliidae	1.2	Hemiptera	4.2
134	Plokiophilidae	1.2	Hemiptera	3
135	Archipsocidae	1.2	Psocoptera	1.8
136	Kateretidae	1.3	Coleoptera	6
137	Monotomidae	1.3	Coleoptera	5
138	Scraptiidae	1.3	Coleoptera	15
139	Poduridae	1.3	Collembola	2
140	Australimyzidae	1.3	Diptera	2.6
141	Hebridae	1.3	Hemiptera	3.7
142	Boopidae	1.3	Phthiraptera	3.14
143	Psyllipsocidae	1.3	Psocoptera	2
144	Chaoboridae	1.4	Diptera	10
145	Platypezidae	1.4	Diptera	10
146	Anthocoridae	1.4	Hemiptera	4.5
147	Pachytroctidae	1.4	Psocoptera	1.8
148	Troctopsocidae	1.4	Psocoptera	4.1
149	Aeolothripidae	1.4	Thysanoptera	2.6
150	Micromalthidae	1.5	Coleoptera	2.5
151	Lepiceridae	1.5	Coleoptera	2
152	Anthicidae	1.5	Coleoptera	15
153	Biphyllidae	1.5	Coleoptera	8
154	Bothrideridae	1.5	Coleoptera	13
155	Brachyceridae	1.5	Coleoptera	6
156	Buprestidae	1.5	Coleoptera	60
157	Byrrhidae	1.5	Coleoptera	10
158	Cantharidae	1.5	Coleoptera	30
159	Derodontidae	1.5	Coleoptera	4
160	Elateridae	1.5	Coleoptera	60
161	Eucnemidae	1.5	Coleoptera	40
162	Salpingidae	1.5	Coleoptera	12
163	Scirtidae	1.5	Coleoptera	12
164	Sphindidae	1.5	Coleoptera	3.5
165	Atelestidae	1.5	Diptera	4
166	Aulacigastridae	1.5	Diptera	4
167	Hippoboscidae	1.5	Diptera	12
168	Marginidae	1.5	Diptera	2
169	Neurochaetidae	1.5	Diptera	4.1
170	Nycteribiidae	1.5	Diptera	5.5
171	Prosopistomatidae	1.5	Ephemeroptera	4.5
172	Microphysidae	1.5	Hemiptera	3
173	Pleidae	1.5	Hemiptera	3
174	Figitidae	1.5	Hymenoptera	5
175	Perilampidae	1.5	Hymenoptera	7
176	Hydroptilidae	1.5	Trichoptera	4
177	Gerridae	1.6	Hemiptera	36
178	Ricinidae	1.6	Phthiraptera	5.5
179	Trogiidae	1.6	Psocoptera	2.5
180	Cicadellidae	1.7	Hemiptera	28
181	Paraphrynoveliidae	1.7	Hemiptera	2.4
182	Clusiidae	1.8	Diptera	7.5
183	Hilarimorphidae	1.8	Diptera	7.2
184	Leptopodidae	1.8	Hemiptera	7
185	Lachesillidae	1.8	Psocoptera	2.2
186	Haematomyzidae	1.9	Phthiraptera	3
187	Psilopsocidae	1.9	Psocoptera	3.2
188	Haliplidae	2	Coleoptera	6
189	Cerambycidae	2	Coleoptera	200
190	Ceratocanthidae	2	Coleoptera	9
191	Cleridae	2	Coleoptera	25
192	Dryopidae	2	Coleoptera	8
193	Helophoridae	2	Coleoptera	9
194	Hydrochidae	2	Coleoptera	4
195	Mauroniscidae	2	Coleoptera	4.5
196	Mordellidae	2	Coleoptera	15
197	Phloiophilidae	2	Coleoptera	3
198	Psephenidae	2	Coleoptera	7
199	Ptilodactylidae	2	Coleoptera	16
200	Ripiphoridae	2	Coleoptera	38
201	Silvanidae	2	Coleoptera	15
202	Zopheridae	2	Coleoptera	40
203	Neanuridae	2	Collembola	3.5
204	Acroceridae	2	Diptera	21
205	Anisopodidae	2	Diptera	18
206	Anthomyiidae	2	Diptera	12
207	Bibionidae	2	Diptera	15
208	Canthyloscelidae	2	Diptera	3.5
209	Deuterophlebiidae	2	Diptera	4
210	Empididae	2	Diptera	12
211	Fergusoninidae	2	Diptera	3
212	Lauxaniidae	2	Diptera	11
213	Lonchopteridae	2	Diptera	4
214	Muscidae	2	Diptera	20
215	Opomyzidae	2	Diptera	4.4
216	Pipunculidae	2	Diptera	11.5
217	Sciomyzidae	2	Diptera	13
218	Sepsidae	2	Diptera	7
219	Stratiomyidae	2	Diptera	28
220	Strongylophthalmyiidae	2	Diptera	6
221	Synneuridae	2	Diptera	3.5
222	Tephritidae	2	Diptera	35
223	Thaumaleidae	2	Diptera	4.5
224	Ulidiidae	2	Diptera	14
225	Xylophagidae	2	Diptera	25
226	Caenidae	2	Ephemeroptera	6
227	Leptohyphidae	2	Ephemeroptera	10
228	Cimicidae	2	Hemiptera	12
229	Cydnidae	2	Hemiptera	20
230	Delphacidae	2	Hemiptera	10
231	Enicocephalidae	2	Hemiptera	15
232	Issidae	2	Hemiptera	19
233	Lyctocoridae	2	Hemiptera	6
234	Membracidae	2	Hemiptera	24
235	Miridae	2	Hemiptera	15
236	Peloridiidae	2	Hemiptera	5
237	Plataspidae	2	Hemiptera	20
238	Termitaphididae	2	Hemiptera	3
239	Thaumastocoridae	2	Hemiptera	4.6
240	Tingidae	2	Hemiptera	8
241	Braconidae	2	Hymenoptera	15
242	Chalcididae	2	Hymenoptera	12
243	Evaniidae	2	Hymenoptera	15
244	Adelidae	2	Lepidoptera	11
245	Agonoxenidae	2	Lepidoptera	6
246	Alucitidae	2	Lepidoptera	10
247	Argyresthiidae	2	Lepidoptera	5
248	Batrachedridae	2	Lepidoptera	9
249	Bucculatricidae	2	Lepidoptera	5
250	Coleophoridae	2	Lepidoptera	7
251	Cosmopterigidae	2	Lepidoptera	11
252	Crinopterygidae	2	Lepidoptera	2.5
253	Douglasiidae	2	Lepidoptera	5
254	Elachistidae	2	Lepidoptera	9
255	Eriocottidae	2	Lepidoptera	21
256	Eriocraniidae	2	Lepidoptera	5
257	Glyphipterigidae	2	Lepidoptera	14
258	Gracillariidae	2	Lepidoptera	10
259	Incurvariidae	2	Lepidoptera	6
260	Lecithoceridae	2	Lepidoptera	10
261	Lycaenidae	2	Lepidoptera	33
262	Lyonetiidae	2	Lepidoptera	5
263	Mnesarchaeidae	2	Lepidoptera	4
264	Momphidae	2	Lepidoptera	5
265	Oecophoridae	2	Lepidoptera	30
266	Plutellidae	2	Lepidoptera	17
267	Prodoxidae	2	Lepidoptera	11
268	Prototheoridae	2	Lepidoptera	15
269	Psychidae	2	Lepidoptera	37
270	Pterophoridae	2	Lepidoptera	15
271	Tineidae	2	Lepidoptera	21
272	Tischeriidae	2	Lepidoptera	3
273	Yponomeutidae	2	Lepidoptera	11
274	Boreidae	2	Mecoptera	7.5
275	Coniopterygidae	2	Neuroptera	3
276	Myrmecophilidae	2	Orthoptera	4
277	Ectopsocidae	2	Psocoptera	2.5
278	Elipsocidae	2	Psocoptera	2.6
279	Lepidopsocidae	2	Psocoptera	2.5
280	Peripsocidae	2	Psocoptera	4
281	Trichopsocidae	2	Psocoptera	2.5
282	Phlaeothripidae	2	Thysanoptera	14
283	Calocidae	2	Trichoptera	10
284	Ecnomidae	2	Trichoptera	7
285		2	Zoraptera	3
286	Mycetophilidae	2.2	Diptera	13.3
287	Philotarsidae	2.2	Psocoptera	3.8
288	Saldidae	2.3	Hemiptera	7.4
289	Amphientomidae	2.3	Psocoptera	5
290	Phloeostichidae	2.4	Coleoptera	15
291	Blaberidae	2.5	Blattodea	75
292	Artematopodidae	2.5	Coleoptera	10
293	Byturidae	2.5	Coleoptera	8
294	Chelonariidae	2.5	Coleoptera	10
295	Cucujidae	2.5	Coleoptera	25
296	Erotylidae	2.5	Coleoptera	25
297	Glaresidae	2.5	Coleoptera	6
298	Nosodendridae	2.5	Coleoptera	9
299	Acartophthalmidae	2.5	Diptera	3
300	Conopidae	2.5	Diptera	30
301	Odiniidae	2.5	Diptera	6
302	Periscelididae	2.5	Diptera	5
303	Platystomatidae	2.5	Diptera	20
304	Therevidae	2.5	Diptera	15
305	Berytidae	2.5	Hemiptera	11
306	Corixidae	2.5	Hemiptera	15
307	Hermatobatidae	2.5	Hemiptera	4
308	Joppeicidae	2.5	Hemiptera	3
309	Macroveliidae	2.5	Hemiptera	5.6
310	Piesmatidae	2.5	Hemiptera	5
311	Chrysididae	2.5	Hymenoptera	20
312	Caeciliusidae	2.5	Psocoptera	4.5
313	Epipsocidae	2.5	Psocoptera	5.7
314	Hemipsocidae	2.5	Psocoptera	2.8
315	Pseudocaeciliidae	2.5	Psocoptera	8
316	Hydrometridae	2.7	Hemiptera	22
317	Tetratomidae	2.8	Coleoptera	15
318	Keroplatidae	2.8	Diptera	8.8
319	Amphipsocidae	2.8	Psocoptera	5.5
320	Gyrinidae	3	Coleoptera	15
321	Brentidae	3	Coleoptera	80
322	Drilidae	3	Coleoptera	10
323	Lutrochidae	3	Coleoptera	5
324	Lycidae	3	Coleoptera	22
325	Ochodaeidae	3	Coleoptera	10
326	Omalisidae	3	Coleoptera	9
327	Omethidae	3	Coleoptera	12
328	Passandridae	3	Coleoptera	35
329	Phengodidae	3	Coleoptera	65
330	Pythidae	3	Coleoptera	20
331	Spercheidae	3	Coleoptera	7
332	Asilidae	3	Diptera	60
333	Blephariceridae	3	Diptera	13
334	Coelopidae	3	Diptera	16
335	Culicidae	3	Diptera	9
336	Diadocidiidae	3	Diptera	10
337	Helcomyzidae	3	Diptera	16
338	Lonchaeidae	3	Diptera	6
339	Lygistorrhinidae	3	Diptera	5
340	Pallopteridae	3	Diptera	5
341	Piophilidae	3	Diptera	8
342	Psilidae	3	Diptera	12
343	Richardiidae	3	Diptera	15
344	Scathophagidae	3	Diptera	13
345	Tachinidae	3	Diptera	25
346	Trichoceridae	3	Diptera	9
347	Baetidae	3	Ephemeroptera	10
348	Achilidae	3	Hemiptera	13
349	Aetalionidae	3	Hemiptera	30
350	Aradidae	3	Hemiptera	11
351	Cixiidae	3	Hemiptera	13
352	Dictyopharidae	3	Hemiptera	33
353	Malcidae	3	Hemiptera	4
354	Meenoplidae	3	Hemiptera	7
355	Tettigometridae	3	Hemiptera	11
356	Bradynobaenidae	3	Hymenoptera	20
357	Diapriidae	3	Hymenoptera	15
358	Eucharitidae	3	Hymenoptera	10
359	Eurytomidae	3	Hymenoptera	5
360	Ichneumonidae	3	Hymenoptera	40
361	Mutillidae	3	Hymenoptera	30
362	Plumariidae	3	Hymenoptera	10
363	Pompilidae	3	Hymenoptera	60
364	Tenthredinidae	3	Hymenoptera	20
365	Vanhorniidae	3	Hymenoptera	10
366	Agathiphagidae	3	Lepidoptera	5
367	Arctiidae	3	Lepidoptera	44
368	Brachodidae	3	Lepidoptera	17
369	Carposinidae	3	Lepidoptera	14
370	Choreutidae	3	Lepidoptera	10
371	Copromorphidae	3	Lepidoptera	11
372	Cyclotornidae	3	Lepidoptera	10
373	Geometridae	3	Lepidoptera	42
374	Heterobathmiidae	3	Lepidoptera	4
375	Heterogynidae	3	Lepidoptera	9
376	Neopseustidae	3	Lepidoptera	6
377	Noctuidae	3	Lepidoptera	154
378	Palaephatidae	3	Lepidoptera	11
379	Tortricidae	3	Lepidoptera	24
380	Ypsolophidae	3	Lepidoptera	6
381	Capniidae	3	Plecoptera	25
382	Myopsocidae	3	Psocoptera	5
383	Prionoglarididae	3	Psocoptera	3.4
384	Glossosomatidae	3	Trichoptera	10
385	Helicophidae	3	Trichoptera	6
386	Hydropsychidae	3	Trichoptera	21
387	Xiphocentronidae	3	Trichoptera	4
388	Austroleptidae	3.1	Diptera	5.3
389	Psocidae	3.2	Psocoptera	5.4
390	Protocucujidae	3.5	Coleoptera	5.8
391	Fanniidae	3.5	Diptera	7.5
392	Rhinophoridae	3.5	Diptera	8
393	Somatiidae	3.5	Diptera	5
394	Aphelocheiridae	3.5	Hemiptera	11.5
395	Lestoniidae	3.5	Hemiptera	5.6
396	Apidae	3.5	Hymenoptera	27
397	Colletidae	3.5	Hymenoptera	20
398	Sierolomorphidae	3.5	Hymenoptera	6
399	Stenopsocidae	3.5	Psocoptera	4.5
400	Trachypachidae	3.8	Coleoptera	7
401	Mesopsocidae	3.8	Psocoptera	4.2
402	Agyrtidae	4	Coleoptera	14
403	Lampyridae	4	Coleoptera	30
404	Lucanidae	4	Coleoptera	80
405	Nemonychidae	4	Coleoptera	6
406	Orsodacnidae	4	Coleoptera	15
407	Sphaeritidae	4	Coleoptera	6
408	Labiidae	4	Dermaptera	7
409	Axymyiidae	4	Diptera	7
410	Bombyliidae	4	Diptera	40
411	Calliphoridae	4	Diptera	16
412	Diopsidae	4	Diptera	12
413	Dryomyzidae	4	Diptera	18
414	Nemestrinidae	4	Diptera	16
415	Pelecorhynchidae	4	Diptera	18
416	Rhagionidae	4	Diptera	12
417	Syrphidae	4	Diptera	25
418		4	Embioptera	22
419	Heptageniidae	4	Ephemeroptera	14
420	Leptophlebiidae	4	Ephemeroptera	12
421	Tricorythidae	4	Ephemeroptera	6.5
422	Achilixiidae	4	Hemiptera	8
423	Derbidae	4	Hemiptera	11
424	Flatidae	4	Hemiptera	32
425	Fulgoridae	4	Hemiptera	100
426	Nogodinidae	4	Hemiptera	17
427	Pentatomidae	4	Hemiptera	20
428	Rhopalidae	4	Hemiptera	15
429	Ricaniidae	4	Hemiptera	12
430	Andrenidae	4	Hymenoptera	22
431	Argidae	4	Hymenoptera	15
432	Halictidae	4	Hymenoptera	10
433	Heloridae	4	Hymenoptera	7
434	Liopteridae	4	Hymenoptera	15
435	Megalyridae	4	Hymenoptera	20
436	Stephanidae	4	Hymenoptera	40
437	Tiphiidae	4	Hymenoptera	30
438		4	Isoptera	20
439	Acanthopteroctetidae	4	Lepidoptera	6
440	Acrolophidae	4	Lepidoptera	28
441	Aididae	4	Lepidoptera	39
442	Autostichidae	4	Lepidoptera	7
443	Dalceridae	4	Lepidoptera	18
444	Lacturidae	4	Lepidoptera	22
445	Limacodidae	4	Lepidoptera	35
446	Pyralidae	4	Lepidoptera	67
447	Roeslerstammiidae	4	Lepidoptera	8
448	Thyrididae	4	Lepidoptera	42
449	Urodidae	4	Lepidoptera	14
450	Zygaenidae	4	Lepidoptera	40
451	Tridactylidae	4	Orthoptera	15
452	Gryllidae	4	Orthoptera	50
453	Anomalopsychidae	4	Trichoptera	8
454	Apataniidae	4	Trichoptera	13
455	Beraeidae	4	Trichoptera	5
456	Conoesucidae	4	Trichoptera	10
457	Dipseudopsidae	4	Trichoptera	14
458	Goeridae	4	Trichoptera	10
459	Helicopsychidae	4	Trichoptera	6
460	Hydrobiosidae	4	Trichoptera	13
461	Leptoceridae	4	Trichoptera	15
462	Psychomyiidae	4	Trichoptera	6
463	Tasimiidae	4	Trichoptera	6
464	Nicoletiidae	4	Zygentoma	29
465	Cephaloidae	4.2	Coleoptera	22
466	Heterocheilidae	4.2	Diptera	6.5
467	Calopsocidae	4.3	Psocoptera	7
468	Belidae	4.5	Coleoptera	20
469	Apsilocephalidae	4.5	Diptera	5.5
470	Dixidae	4.5	Diptera	7
471	Ochteridae	4.5	Hemiptera	9
472	Hesperinidae	4.7	Diptera	12
473	Aspidytidae	4.8	Coleoptera	7
474	Cupedidae	5	Coleoptera	22
475	Geotrupidae	5	Coleoptera	45
476	Hybosoridae	5	Coleoptera	7
477	Lymexylidae	5	Coleoptera	40
478	Meloidae	5	Coleoptera	33
479	Oedemeridae	5	Coleoptera	20
480	Prostomidae	5	Coleoptera	10
481	Helosciomyzidae	5	Diptera	11
482	Micropezidae	5	Diptera	17
483	Pachyneuridae	5	Diptera	6
484	Pyrgotidae	5	Diptera	30
485	Sarcophagidae	5	Diptera	25
486	Xylomyidae	5	Diptera	15
487	Ephemerellidae	5	Ephemeroptera	12
488	Canopidae	5	Hemiptera	7
489	Cercopidae	5	Hemiptera	20
490	Idiostolidae	5	Hemiptera	7
491	Lophopidae	5	Hemiptera	15
492	Naucoridae	5	Hemiptera	20
493	Notonectidae	5	Hemiptera	15
494	Scutelleridae	5	Hemiptera	20
495	Tropiduchidae	5	Hemiptera	13
496	Ampulicidae	5	Hymenoptera	15
497	Cephidae	5	Hymenoptera	25
498	Diprionidae	5	Hymenoptera	12
499	Megalodontesidae	5	Hymenoptera	20
500	Orussidae	5	Hymenoptera	20
501	Xyelidae	5	Hymenoptera	15
502	Anomoeotidae	5	Lepidoptera	8
503	Arrhenophanidae	5	Lepidoptera	29
504	Cossidae	5	Lepidoptera	136
505	Glyphidoceridae	5	Lepidoptera	7
506	Himantopteridae	5	Lepidoptera	12
507	Immidae	5	Lepidoptera	14
508	Megalopygidae	5	Lepidoptera	44
509	Sesiidae	5	Lepidoptera	34
510	Xyloryctidae	5	Lepidoptera	29
511	Nannochoristidae	5	Mecoptera	9
512	Tettigoniidae	5	Orthoptera	90
513	Gripopterygidae	5	Plecoptera	25
514	Notonemouridae	5	Plecoptera	8
515		5	Raphidioptera	20
516	Kokiriidae	5	Trichoptera	9
517	Odontoceridae	5	Trichoptera	14
518	Polycentropodidae	5	Trichoptera	10
519	Prionoceridae	5.5	Coleoptera	20
520	Apteropanorpidae	5.5	Mecoptera	11
521	Ommatidae	6	Coleoptera	27
522	Dascillidae	6	Coleoptera	20
523	Glaphyridae	6	Coleoptera	20
524	Helotidae	6	Coleoptera	16
525	Perimylopidae	6	Coleoptera	10
526	Tomoceridae	6	Collembola	10
527	Glossinidae	6	Diptera	14
528	Tabanidae	6	Diptera	30
529	Tipulidae	6	Diptera	60
530	Neoephemeridae	6	Ephemeroptera	13
531	Oligoneuriidae	6	Ephemeroptera	10
532	Acanthosomatidae	6	Hemiptera	18
533	Colobathristidae	6	Hemiptera	20
534	Blasticotomidae	6	Hymenoptera	10
535	Crabronidae	6	Hymenoptera	20
536	Proctotrupidae	6	Hymenoptera	8
537	Sapygidae	6	Hymenoptera	22
538	Drepanidae	6	Lepidoptera	22
539	Nymphalidae	6	Lepidoptera	56
540	Berothidae	6	Neuroptera	15
541	Hemerobiidae	6	Neuroptera	12
542	Nevrorthidae	6	Neuroptera	10
543	Sisyridae	6	Neuroptera	8
544	Tetrigidae	6	Orthoptera	16
545	Chloroperlidae	6	Plecoptera	40
546	Leuctridae	6	Plecoptera	13
547	Nemouridae	6	Plecoptera	15
548	Brachycentridae	6	Trichoptera	11
549	Calamoceratidae	6	Trichoptera	10
550	Chathamiidae	6	Trichoptera	9
551	Philopotamidae	6	Trichoptera	9
552	Philorheithridae	6	Trichoptera	13
553	Pisuliidae	6	Trichoptera	19
554	Stenopsychidae	6	Trichoptera	12
555	Laemobothriidae	6.5	Phthiraptera	11
556	Pyrochroidae	7	Coleoptera	18
557	Silphidae	7	Coleoptera	45
558	Synchroidae	7	Coleoptera	13
559	Athericidae	7	Diptera	10
560	Ptychopteridae	7	Diptera	14
561	Vermileonidae	7	Diptera	12
562	Ameletidae	7	Ephemeroptera	21
563	Coreidae	7	Hemiptera	45
564	Eurybrachyidae	7	Hemiptera	29
565	Gelastocoridae	7	Hemiptera	15
566	Largidae	7	Hemiptera	55
567	Nabidae	7	Hemiptera	11
568	Reduviidae	7	Hemiptera	40
569	Megachilidae	7	Hymenoptera	39
570	Melittidae	7	Hymenoptera	12
571	Monomachidae	7	Hymenoptera	22
572	Pergidae	7	Hymenoptera	10
573	Scolebythidae	7	Hymenoptera	10
574	Xiphydriidae	7	Hymenoptera	25
575	Amphisbatidae	7	Lepidoptera	8
576	Hesperiidae	7	Lepidoptera	37
577	Lymantriidae	7	Lepidoptera	58
578	Pieridae	7	Lepidoptera	31
579	Somabrachyidae	7	Lepidoptera	8
580	Tineodidae	7	Lepidoptera	16
581	Panorpodidae	7	Mecoptera	17
582	Gryllacrididae	7	Orthoptera	50
583	Atriplectididae	7	Trichoptera	10
584	Limnephilidae	7	Trichoptera	23
585	Uenoidae	7	Trichoptera	9
586	Apioceridae	7.5	Diptera	35
587	Anaxyelidae	7.5	Hymenoptera	8
588	Ectobiidae	8	Blattodea	18
589	Hygrobiidae	8	Coleoptera	10
590	Boridae	8	Coleoptera	25
591	Campodeidae	8	Diplura	10
592	Japygoidea	8	Diplura	50
593	Oestridae	8	Diptera	25
594	Baetiscidae	8	Ephemeroptera	16
595	Potamanthidae	8	Ephemeroptera	25
596	Siphlaenigmatidae	8	Ephemeroptera	9
597	Alydidae	8	Hemiptera	20
598	Hyocephalidae	8	Hemiptera	15
599	Pyrrhocoridae	8	Hemiptera	30
600	Stenocephalidae	8	Hemiptera	15
601	Ibaliidae	8	Hymenoptera	25
602	Pamphiliidae	8	Hymenoptera	15
603	Roproniidae	8	Hymenoptera	10
604	Scoliidae	8	Hymenoptera	60
605	Trigonalidae	8	Hymenoptera	17
606	Vespidae	8	Hymenoptera	25
607	Callidulidae	8	Lepidoptera	14
608	Cimeliidae	8	Lepidoptera	11
609	Eupterotidae	8	Lepidoptera	47
610	Hepialidae	8	Lepidoptera	104
611	Riodinidae	8	Lepidoptera	13
612	Perlodidae	8	Plecoptera	50
613	Lepidostomatidae	8	Trichoptera	10
614	Rhyacophilidae	8	Trichoptera	13
615	Sericostomatidae	8	Trichoptera	14
616	Lepismatidae	8	Zygentoma	20
617	Callirhipidae	9	Coleoptera	23
618	Anisolabididae	9	Dermaptera	13
619	Pygidicranidae	9	Dermaptera	45
620	Mydidae	9	Diptera	60
621	Isonychiidae	9	Ephemeroptera	16
622	Metretopodidae	9	Ephemeroptera	16
623	Siphlonuridae	9	Ephemeroptera	13
624	Belostomatidae	9	Hemiptera	110
625	Dinidoridae	9	Hemiptera	27
626	Anthelidae	9	Lepidoptera	68
627	Lemoniidae	9	Lepidoptera	28
628	Notodontidae	9	Lepidoptera	57
629	Panorpidae	9	Mecoptera	25
630	Acrididae	9	Orthoptera	120
631	Rhipiceridae	10	Coleoptera	25
632	Forficulidae	10	Dermaptera	18
633	Ephemeridae	10	Ephemeroptera	32
634	Oniscigastridae	10	Ephemeroptera	11
635		10	Grylloblattidae	30
636	Cicadidae	10	Hemiptera	100
637	Velocipedidae	10	Hemiptera	15
638	Andesianidae	10	Lepidoptera	23
639	Apatelodidae	10	Lepidoptera	37
640	Bombycidae	10	Lepidoptera	33
641	Castniidae	10	Lepidoptera	82
642	Lasiocampidae	10	Lepidoptera	92
643	Mimallonidae	10	Lepidoptera	28
644	Papilionidae	10	Lepidoptera	83
645	Uraniidae	10	Lepidoptera	50
646		10	Mantodea	170
647		10	Mantophasmatodea	30
648	Meropeidae	10	Mecoptera	12
649	Chrysopidae	10	Neuroptera	25
650	Psychopsidae	10	Neuroptera	35
651	Eumastacoidae	10	Orthoptera	45
652	Pyrgomorphidae	10	Orthoptera	90
653	Rhaphidophoridae	10	Orthoptera	30
654	Austroperlidae	10	Plecoptera	35
655	Perlidae	10	Plecoptera	50
656	Taeniopterygidae	10	Plecoptera	25
657	Limnocentropodidae	10	Trichoptera	12
658	Molannidae	10	Trichoptera	17
659	Tanaoceridae	10.3	Orthoptera	25
660	Nesameletidae	10.5	Ephemeroptera	16.5
661	Rallidentidae	10.5	Ephemeroptera	12
662	Amphizoidae	11	Coleoptera	16
663	Apachyidae	11	Dermaptera	25
664	Tanyderidae	11	Diptera	23
665	Euthyplociidae	11	Ephemeroptera	16
666	Dudgeoneidae	11	Lepidoptera	29
667	Endromidae	11	Lepidoptera	27
668	Hyblaeidae	11	Lepidoptera	22
669	Pterolonchidae	11	Lepidoptera	12
670	Sphingidae	11	Lepidoptera	94
671	Choristidae	11	Mecoptera	14
672	Pneumoridae	11.5	Orthoptera	100
673	Ithyceridae	12	Coleoptera	15
674	Behningiidae	12	Ephemeroptera	18
675	Polymitarcyidae	12	Ephemeroptera	35
676	Saturniidae	12	Lepidoptera	117
677	Lentulidae	12	Orthoptera	25
678	Timematidae	12	Phasmatodea	25
679	Oeconesidae	12	Trichoptera	16
680	Phryganeidae	12	Trichoptera	28
681	Lepidotrichidae	12	Zygentoma	14
682	Ametropodidae	13	Ephemeroptera	15
683	Coloburiscidae	13	Ephemeroptera	18
684	Dipteromimidae	13	Ephemeroptera	23.5
685	Gasteruptiidae	13	Hymenoptera	40
686	Epicopeiidae	13	Lepidoptera	38
687	Sialidae	13	Megaloptera	18
688	Stenotritidae	14	Hymenoptera	20.5
689	Bittacidae	14	Mecoptera	34
690	Corydiidae	15	Blattodea	24
691	Eulichadidae	15	Coleoptera	25
692	Pleocomidae	15	Coleoptera	45
693	Palingeniidae	15	Ephemeroptera	35
694	Nepidae	15	Hemiptera	45
695	Tessaratomidae	15	Hemiptera	40
696	Hedylidae	15	Lepidoptera	27
697	Nemopteridae	15	Neuroptera	35
698	Osmylidae	15	Neuroptera	30
699	Isostictidae	15	Odonata	40
700	Eustheniidae	15	Plecoptera	35
701	Ameletopsidae	15.5	Ephemeroptera	22
702	Chelisochidae	16	Dermaptera	20
703	Coenagrionidae	16	Odonata	60
704	Scopuridae	16	Plecoptera	25
705	Libellulidae	17	Odonata	63
706	Xyronotidae	17	Orthoptera	30
707	Prophalangopsidae	17	Orthoptera	30
708	Diapheromeridae	17.5	Phasmatodea	140
709	Pseudophasmatoidea	17.5	Phasmatodea	250
710	Blattidae	18	Blattodea	45
711	Passalidae	18	Coleoptera	80
712	Labiduridae	18	Dermaptera	80
713	Cimbicidae	18	Hymenoptera	25
714	Sphecidae	18	Hymenoptera	55
715	Brahmaeidae	18	Lepidoptera	66
716	Nymphidae	18	Neuroptera	40
717	Romaleidae	18	Orthoptera	80
718	Ichthybotidae	19	Ephemeroptera	22
719	Sematuridae	19	Lepidoptera	44
720	Phloeidae	20	Hemiptera	30
721	Siricidae	20	Hymenoptera	40
722	Corydalidae	20	Megaloptera	80
723	Mantispidae	20	Neuroptera	35
724	Anostostomatidae	20	Orthoptera	80
725	Gryllotalpidae	20	Orthoptera	40
726	Aschiphasmatidae	20	Phasmatodea	60
727	Heteropterygidae	20	Phasmatodea	150
728	Ithonidae	21	Neuroptera	40
729	Hemiphlebiidae	23	Odonata	25
730	Cryptocercidae	24	Blattodea	29
731	Phylliidae	24	Phasmatodea	90
732	Proscopiidae	25	Orthoptera	165
733	Diamphipnoidae	25	Plecoptera	45
734	Gomphidae	25.5	Odonata	90
735	Chlorocyphidae	26	Odonata	30
736	Euphaeidae	26	Odonata	38
737	Carthaeidae	28	Lepidoptera	37
738	Corduliidae	28	Odonata	68
739	Trigonopterygidae	29	Orthoptera	40
740	Pelecinidae	30	Hymenoptera	60
741	Polythoridae	30	Odonata	40
742	Protoneuridae	30	Odonata	35
743	Pamphagidae	30	Orthoptera	90
744	Stenopelmatidae	30	Orthoptera	50
745	Trictenotomidae	32	Coleoptera	80
746	Peltoperlidae	34	Plecoptera	49
747	Polystoechotidae	35	Neuroptera	75
748	Synlestidae	35	Odonata	60
749	Cylindrachetidae	35	Orthoptera	75
750	Chorismagrionidae	38	Odonata	40
751	Pteronarcyidae	38	Plecoptera	63
752	Ascalaphidae	40	Neuroptera	80
753	Myrmeleontidae	40	Neuroptera	80
754	Lestidae	40	Odonata	75
755	Megapodagrionidae	40	Odonata	75
756	Platycnemididae	40	Odonata	50
757	Platystictidae	40	Odonata	50
758	Agathemeridae	40	Phasmatodea	70
759	Bacillidae	40	Phasmatodea	110
760	Calopterygidae	45	Odonata	60
761	Diphlebiidae	45	Odonata	55
762	Epiophlebiidae	48	Odonata	60
763	Aeshnidae	50	Odonata	100
764	Perilestidae	50	Odonata	55
765	Phasmatidae	50	Phasmatodea	357
766	Petaluridae	54	Odonata	88
767	Cordulegastridae	55	Odonata	88
768	Macromiidae	56	Odonata	91
769	Austropetaliidae	57	Odonata	86
770	Neopetaliidae	57	Odonata	58
771	Chlorogomphidae	60	Odonata	78
772	Pseudostigmatidae	80	Odonata	120
773	Pseudolestidae		Odonata	
